<?xml version="1.0"?><Report><ReportQuery><Format><ReportTitle>Tutorial Report B</ReportTitle><ReportDescription>The Film List Report provides a list of the DVD titles available from our shop.
&lt;p&gt;
This is Tutorial demonstrates the following features :-
&lt;p&gt;
1. &lt;b&gt;Allowing user report criteria entry&lt;/b&gt;
&lt;br&gt;2. &lt;b&gt;Creating depencies between one criteria item and another&lt;/b&gt;

&lt;p&gt;Click &lt;a target=&quot;_blank&quot; href=&quot;doc/reportico/tutorial_reportico.tutorial1_2.pkg.html&quot;&gt;here &lt;/a&gt; for instructions on how to work through this tutorial</ReportDescription><PageSize>A4</PageSize><PageOrientation>Portrait</PageOrientation><TopMargin></TopMargin><BottomMargin></BottomMargin><RightMargin></RightMargin><LeftMargin></LeftMargin><pdfFont></pdfFont><pdfFontSize></pdfFontSize><PreExecuteCode>NONE</PreExecuteCode><formBetweenRows>solidline</formBetweenRows><gridDisplay>.DEFAULT</gridDisplay><gridSortable>.DEFAULT</gridSortable><gridSearchable>.DEFAULT</gridSearchable><gridPageable>.DEFAULT</gridPageable><gridPageSize>.DEFAULT</gridPageSize></Format><Datasource><SourceType>database</SourceType><SourceConnection><DatabaseType>mysql</DatabaseType><DatabaseName></DatabaseName><HostName></HostName><ServiceName></ServiceName><UserName></UserName><Password></Password></SourceConnection></Datasource><EntryForm><Query><TableSql></TableSql><WhereSql></WhereSql><GroupSql></GroupSql><RowSelection>all</RowSelection><SQL><QuerySql></QuerySql><SQLRaw>SELECT film.film_id, film.title, category.cat_desc, country.country_name 
FROM reptut_film film, reptut_country country, reptut_category category 
WHERE 1 = 1 
AND film.cat_code = category.cat_code
AND film.country_code = country.country_code  
[ AND film.country_code IN ( {country,VALUE} ) ]
ORDER BY  country.country_name, title</SQLRaw></SQL><QueryColumns><QueryColumn><Name>title</Name><TableName>film</TableName><ColumnName>title</ColumnName><ColumnType>char</ColumnType><ColumnLength>30</ColumnLength><Format><column_display>show</column_display><content_type>plain</content_type><ColumnStartPDF></ColumnStartPDF><justify>left</justify><ColumnWidthPDF></ColumnWidthPDF><ColumnWidthHTML></ColumnWidthHTML><column_title>Title</column_title><tooltip></tooltip><group_header_label>0</group_header_label><group_header_label_xpos></group_header_label_xpos><group_header_data_xpos></group_header_data_xpos><group_trailer_label>0</group_trailer_label></Format></QueryColumn><QueryColumn><Name>film_id</Name><TableName>film</TableName><ColumnName>film_id</ColumnName><ColumnType>char</ColumnType><ColumnLength>30</ColumnLength><Format><column_display>show</column_display><content_type>plain</content_type><ColumnStartPDF></ColumnStartPDF><justify>left</justify><ColumnWidthPDF></ColumnWidthPDF><ColumnWidthHTML></ColumnWidthHTML><column_title>Film Id</column_title><tooltip></tooltip><group_header_label>0</group_header_label><group_header_label_xpos></group_header_label_xpos><group_header_data_xpos></group_header_data_xpos><group_trailer_label>0</group_trailer_label></Format></QueryColumn><QueryColumn><Name>cat_desc</Name><TableName>category</TableName><ColumnName>cat_desc</ColumnName><ColumnType>char</ColumnType><ColumnLength>30</ColumnLength><Format><column_display>show</column_display><content_type>plain</content_type><ColumnStartPDF></ColumnStartPDF><justify>left</justify><ColumnWidthPDF></ColumnWidthPDF><ColumnWidthHTML></ColumnWidthHTML><column_title>Category</column_title><tooltip></tooltip><group_header_label>0</group_header_label><group_header_label_xpos></group_header_label_xpos><group_header_data_xpos></group_header_data_xpos><group_trailer_label>0</group_trailer_label></Format></QueryColumn><QueryColumn><Name>country_name</Name><TableName>country</TableName><ColumnName>country_name</ColumnName><ColumnType>char</ColumnType><ColumnLength>30</ColumnLength><Format><column_display>show</column_display><content_type>plain</content_type><ColumnStartPDF></ColumnStartPDF><justify>left</justify><ColumnWidthPDF></ColumnWidthPDF><ColumnWidthHTML></ColumnWidthHTML><column_title>Country</column_title><tooltip></tooltip><group_header_label>0</group_header_label><group_header_label_xpos></group_header_label_xpos><group_header_data_xpos></group_header_data_xpos><group_trailer_label>0</group_trailer_label></Format></QueryColumn></QueryColumns><OrderColumns></OrderColumns><PreSQLS></PreSQLS></Query><Assignments></Assignments><Criteria><CriteriaItem><Name>film</Name><Title>Film</Title><QueryTableName></QueryTableName><QueryColumnName>film_id</QueryColumnName><CriteriaType>LOOKUP</CriteriaType><CriteriaDisplay>TEXTFIELD</CriteriaDisplay><ExpandDisplay>MULTI</ExpandDisplay><ReturnColumn>film_id</ReturnColumn><DisplayColumn>title</DisplayColumn><OverviewColumn>title</OverviewColumn><MatchColumn>title</MatchColumn><CriteriaDefaults></CriteriaDefaults><CriteriaList></CriteriaList><Query><TableSql></TableSql><WhereSql></WhereSql><GroupSql></GroupSql><RowSelection></RowSelection><SQLRaw>SELECT film.film_id, film.title
FROM reptut_film film
WHERE 1 = 1 
[ and cat_code IN ({category,VALUE}) ]
[ and country_code IN ({country,VALUE}) ]
ORDER BY  film.title</SQLRaw><SQL><QuerySql></QuerySql></SQL><QueryColumns><QueryColumn><Name>film_id</Name><TableName>film</TableName><ColumnName>film_id</ColumnName><ColumnType>char</ColumnType><ColumnLength>30</ColumnLength><Format><column_display>show</column_display><content_type>plain</content_type><justify>left</justify></Format></QueryColumn><QueryColumn><Name>title</Name><TableName>film</TableName><ColumnName>title</ColumnName><ColumnType>char</ColumnType><ColumnLength>30</ColumnLength><Format><column_display>show</column_display><content_type>plain</content_type><justify>left</justify></Format></QueryColumn></QueryColumns><OrderColumns></OrderColumns><Assignments></Assignments></Query><CriteriaLinks></CriteriaLinks></CriteriaItem><CriteriaItem><Name>category</Name><Title>Category</Title><QueryTableName></QueryTableName><QueryColumnName>category.cat_code</QueryColumnName><CriteriaType>LOOKUP</CriteriaType><CriteriaDisplay>CHECKBOX</CriteriaDisplay><ExpandDisplay>NOINPUT</ExpandDisplay><ReturnColumn>cat_code</ReturnColumn><DisplayColumn>cat_desc</DisplayColumn><OverviewColumn>cat_code</OverviewColumn><MatchColumn>cat_desc</MatchColumn><CriteriaDefaults></CriteriaDefaults><CriteriaList></CriteriaList><Query><TableSql></TableSql><WhereSql></WhereSql><GroupSql></GroupSql><RowSelection></RowSelection><SQLRaw>SELECT cat_code cat_code, cat_desc cat_desc 
FROM reptut_category 
WHERE 1 = 1  
ORDER BY cat_desc</SQLRaw><SQL><QuerySql></QuerySql></SQL><QueryColumns><QueryColumn><Name>cat_code</Name><TableName></TableName><ColumnName>cat_code</ColumnName><ColumnType>char</ColumnType><ColumnLength>30</ColumnLength><Format><column_display>show</column_display><content_type>plain</content_type><justify>left</justify></Format></QueryColumn><QueryColumn><Name>cat_desc</Name><TableName></TableName><ColumnName>cat_desc</ColumnName><ColumnType>char</ColumnType><ColumnLength>30</ColumnLength><Format><column_display>show</column_display><content_type>plain</content_type><justify>left</justify></Format></QueryColumn></QueryColumns><OrderColumns></OrderColumns><Assignments></Assignments></Query><CriteriaLinks></CriteriaLinks></CriteriaItem><CriteriaItem><Name>country</Name><Title>Country</Title><QueryTableName></QueryTableName><QueryColumnName></QueryColumnName><CriteriaType>LOOKUP</CriteriaType><CriteriaDisplay>TEXTFIELD</CriteriaDisplay><ExpandDisplay>MULTI</ExpandDisplay><ReturnColumn>country_code</ReturnColumn><DisplayColumn>country_name</DisplayColumn><OverviewColumn>country_name</OverviewColumn><MatchColumn>country_name</MatchColumn><CriteriaDefaults>ITA,UK</CriteriaDefaults><CriteriaList></CriteriaList><Query><TableSql></TableSql><WhereSql></WhereSql><GroupSql></GroupSql><RowSelection></RowSelection><SQLRaw>SELECT country_code country_code, country_name country_name 
FROM reptut_country 
WHERE 1 = 1   
ORDER BY  country_name</SQLRaw><SQL><QuerySql></QuerySql></SQL><QueryColumns><QueryColumn><Name>country_code</Name><TableName></TableName><ColumnName>country_code</ColumnName><ColumnType>char</ColumnType><ColumnLength>30</ColumnLength><Format><column_display>show</column_display><content_type>plain</content_type><justify>left</justify></Format></QueryColumn><QueryColumn><Name>country_name</Name><TableName></TableName><ColumnName>country_name</ColumnName><ColumnType>char</ColumnType><ColumnLength>30</ColumnLength><Format><column_display>show</column_display><content_type>plain</content_type><justify>left</justify></Format></QueryColumn></QueryColumns><OrderColumns></OrderColumns><Assignments></Assignments></Query><CriteriaLinks></CriteriaLinks></CriteriaItem></Criteria><Output><PageHeaders><PageHeader><LineNumber>1</LineNumber><HeaderText>{title}</HeaderText><Format><ColumnStartPDF>5%</ColumnStartPDF><justify>center</justify><ColumnWidthPDF>90%</ColumnWidthPDF><ShowInPDF>yes</ShowInPDF><ShowInHTML>no</ShowInHTML></Format></PageHeader></PageHeaders><PageFooters><PageFooter><LineNumber>1</LineNumber><FooterText>Page: {page}</FooterText><Format><ColumnStartPDF>5%</ColumnStartPDF><justify>center</justify><ColumnWidthPDF>90%</ColumnWidthPDF><ShowInPDF>yes</ShowInPDF><ShowInHTML>no</ShowInHTML></Format></PageFooter></PageFooters><DisplayOrders><DisplayOrder><ColumnName>film_id</ColumnName><OrderNumber>1</OrderNumber></DisplayOrder><DisplayOrder><ColumnName>title</ColumnName><OrderNumber>2</OrderNumber></DisplayOrder><DisplayOrder><ColumnName>cat_desc</ColumnName><OrderNumber>3</OrderNumber></DisplayOrder><DisplayOrder><ColumnName>country_name</ColumnName><OrderNumber>4</OrderNumber></DisplayOrder></DisplayOrders><Groups></Groups><Graphs></Graphs></Output></EntryForm></ReportQuery></Report>