<?xml version="1.0"?><Report><ReportQuery><Format><ReportTitle>Loan History</ReportTitle><ReportDescription>The &lt;b&gt;Loan History Report&lt;/b&gt; produces a list of films borrowed from the library grouped by library member.
&lt;p&gt;
In this tutorial you will learn :-
&lt;p&gt;
1. 
use of adding a date range criteria by reporting on films that have been borrowed between the specified dates. It also demonstrates the use of setting date range defaults.
&lt;p&gt;
2. use of a LIST type criteria item
&lt;p&gt;
3. conditional assignment by displaying &quot;UNRETURNED&quot; in the return date column instead of a normal blank
&lt;p&gt;
4. Producing styled output, coloured row output and conditional colouring based on value


&lt;p&gt;Click &lt;a style=&quot;text-decoration: underline&quot; target=&quot;_blank&quot; href=&quot;doc/reportico/tutorial_reportico.tutorial2_1.pkg.html&quot;&gt;here &lt;/a&gt; for instructions on how to work through this tutorial

</ReportDescription><PageSize>.DEFAULT</PageSize><PageOrientation>.DEFAULT</PageOrientation><TopMargin></TopMargin><BottomMargin></BottomMargin><RightMargin></RightMargin><LeftMargin></LeftMargin><pdfFont></pdfFont><pdfFontSize></pdfFontSize><PreExecuteCode>NONE</PreExecuteCode><formBetweenRows>solidline</formBetweenRows><gridDisplay>.DEFAULT</gridDisplay><gridSortable>.DEFAULT</gridSortable><gridSearchable>.DEFAULT</gridSearchable><gridPageable>.DEFAULT</gridPageable><gridPageSize>.DEFAULT</gridPageSize></Format><Datasource><SourceType>database</SourceType><SourceConnection><DatabaseType>mysql</DatabaseType><DatabaseName></DatabaseName><HostName></HostName><ServiceName></ServiceName><UserName></UserName><Password></Password></SourceConnection></Datasource><EntryForm><Query><TableSql></TableSql><WhereSql></WhereSql><GroupSql></GroupSql><RowSelection>all</RowSelection><SQL><QuerySql></QuerySql><SQLRaw>SELECT member.member_id member_id, member.first_name first_name, member.last_name last_name, film.film_id film_id, film.title title, DATE_FORMAT(loan_date, '%d %M %Y') loaned, DATE_FORMAT(return_date, '%d %M %Y') returned, loan.loan_date loan_date, loan.return_date return_date, join_date join_date 
FROM reptut_loan loan, reptut_member member, reptut_film film 
WHERE 1 = 1     
[ AND loan_date between {loanDate,RANGE1} and {loanDate,RANGE2} ]   
[ AND ( return_date IS NULL OR {returned,VALUE} = 1 ) ]                           
AND loan.member_id = member.member_id
AND loan.film_id = film.film_id  
ORDER BY  member.last_name ASC, member.first_name ASC, member.member_id ASC, loan.loan_date ASC</SQLRaw></SQL><QueryColumns><QueryColumn><Name>member_id</Name><TableName>member</TableName><ColumnName>member_id</ColumnName><ColumnType>char</ColumnType><ColumnLength>30</ColumnLength><Format><column_display>hide</column_display><content_type>plain</content_type><ColumnStartPDF></ColumnStartPDF><justify>left</justify><ColumnWidthPDF></ColumnWidthPDF><ColumnWidthHTML></ColumnWidthHTML><column_title></column_title><tooltip></tooltip><group_header_label>0</group_header_label><group_header_label_xpos></group_header_label_xpos><group_header_data_xpos></group_header_data_xpos><group_trailer_label>0</group_trailer_label></Format></QueryColumn><QueryColumn><Name>first_name</Name><TableName>member</TableName><ColumnName>first_name</ColumnName><ColumnType>char</ColumnType><ColumnLength>30</ColumnLength><Format><column_display>hide</column_display><content_type>plain</content_type><ColumnStartPDF></ColumnStartPDF><justify>left</justify><ColumnWidthPDF></ColumnWidthPDF><ColumnWidthHTML></ColumnWidthHTML><column_title></column_title><tooltip></tooltip><group_header_label>0</group_header_label><group_header_label_xpos></group_header_label_xpos><group_header_data_xpos></group_header_data_xpos><group_trailer_label>0</group_trailer_label></Format></QueryColumn><QueryColumn><Name>last_name</Name><TableName>member</TableName><ColumnName>last_name</ColumnName><ColumnType>char</ColumnType><ColumnLength>30</ColumnLength><Format><column_display>hide</column_display><content_type>plain</content_type><ColumnStartPDF></ColumnStartPDF><justify>left</justify><ColumnWidthPDF></ColumnWidthPDF><ColumnWidthHTML></ColumnWidthHTML><column_title></column_title><tooltip></tooltip><group_header_label>0</group_header_label><group_header_label_xpos></group_header_label_xpos><group_header_data_xpos></group_header_data_xpos><group_trailer_label>0</group_trailer_label></Format></QueryColumn><QueryColumn><Name>film_id</Name><TableName>film</TableName><ColumnName>film_id</ColumnName><ColumnType>char</ColumnType><ColumnLength>30</ColumnLength><Format><column_display>show</column_display><content_type>plain</content_type><ColumnStartPDF></ColumnStartPDF><justify>right</justify><ColumnWidthPDF></ColumnWidthPDF><ColumnWidthHTML></ColumnWidthHTML><column_title></column_title><tooltip></tooltip><group_header_label>0</group_header_label><group_header_label_xpos></group_header_label_xpos><group_header_data_xpos></group_header_data_xpos><group_trailer_label>0</group_trailer_label></Format></QueryColumn><QueryColumn><Name>title</Name><TableName>film</TableName><ColumnName>title</ColumnName><ColumnType>char</ColumnType><ColumnLength>30</ColumnLength><Format><column_display>show</column_display><content_type>plain</content_type><ColumnStartPDF></ColumnStartPDF><justify>left</justify><ColumnWidthPDF>40%</ColumnWidthPDF><ColumnWidthHTML></ColumnWidthHTML><column_title></column_title><tooltip></tooltip><group_header_label>0</group_header_label><group_header_label_xpos></group_header_label_xpos><group_header_data_xpos></group_header_data_xpos><group_trailer_label>0</group_trailer_label></Format></QueryColumn><QueryColumn><Name>loaned</Name><TableName></TableName><ColumnName>DATE_FORMAT(loan_date, '%d %M %Y')</ColumnName><ColumnType>char</ColumnType><ColumnLength>30</ColumnLength><Format><column_display>show</column_display><content_type>plain</content_type><ColumnStartPDF></ColumnStartPDF><justify>left</justify><ColumnWidthPDF></ColumnWidthPDF><ColumnWidthHTML></ColumnWidthHTML><column_title></column_title><tooltip></tooltip><group_header_label>0</group_header_label><group_header_label_xpos></group_header_label_xpos><group_header_data_xpos></group_header_data_xpos><group_trailer_label>0</group_trailer_label></Format></QueryColumn><QueryColumn><Name>returned</Name><TableName></TableName><ColumnName>DATE_FORMAT(return_date, '%d %M %Y')</ColumnName><ColumnType>char</ColumnType><ColumnLength>30</ColumnLength><Format><column_display>show</column_display><content_type>plain</content_type><ColumnStartPDF></ColumnStartPDF><justify>left</justify><ColumnWidthPDF></ColumnWidthPDF><ColumnWidthHTML></ColumnWidthHTML><column_title></column_title><tooltip></tooltip><group_header_label>0</group_header_label><group_header_label_xpos></group_header_label_xpos><group_header_data_xpos></group_header_data_xpos><group_trailer_label>0</group_trailer_label></Format></QueryColumn><QueryColumn><Name>loan_date</Name><TableName>loan</TableName><ColumnName>loan_date</ColumnName><ColumnType>char</ColumnType><ColumnLength>30</ColumnLength><Format><column_display>hide</column_display><content_type>plain</content_type><ColumnStartPDF></ColumnStartPDF><justify>left</justify><ColumnWidthPDF></ColumnWidthPDF><ColumnWidthHTML></ColumnWidthHTML><column_title></column_title><tooltip></tooltip><group_header_label>0</group_header_label><group_header_label_xpos></group_header_label_xpos><group_header_data_xpos></group_header_data_xpos><group_trailer_label>0</group_trailer_label></Format></QueryColumn><QueryColumn><Name>return_date</Name><TableName>loan</TableName><ColumnName>return_date</ColumnName><ColumnType>char</ColumnType><ColumnLength>30</ColumnLength><Format><column_display>hide</column_display><content_type>plain</content_type><ColumnStartPDF></ColumnStartPDF><justify>left</justify><ColumnWidthPDF></ColumnWidthPDF><ColumnWidthHTML></ColumnWidthHTML><column_title></column_title><tooltip></tooltip><group_header_label>0</group_header_label><group_header_label_xpos></group_header_label_xpos><group_header_data_xpos></group_header_data_xpos><group_trailer_label>0</group_trailer_label></Format></QueryColumn><QueryColumn><Name>join_date</Name><TableName></TableName><ColumnName>join_date</ColumnName><ColumnType>char</ColumnType><ColumnLength>30</ColumnLength><Format><column_display>hide</column_display><content_type>plain</content_type><ColumnStartPDF></ColumnStartPDF><justify>left</justify><ColumnWidthPDF></ColumnWidthPDF><ColumnWidthHTML></ColumnWidthHTML><column_title></column_title><tooltip></tooltip><group_header_label>0</group_header_label><group_header_label_xpos></group_header_label_xpos><group_header_data_xpos></group_header_data_xpos><group_trailer_label>0</group_trailer_label></Format></QueryColumn><QueryColumn><Name>full_name</Name><TableName></TableName><ColumnName></ColumnName><ColumnType></ColumnType><ColumnLength></ColumnLength><Format><column_display>hide</column_display><content_type>plain</content_type><ColumnStartPDF></ColumnStartPDF><justify>left</justify><ColumnWidthPDF></ColumnWidthPDF><ColumnWidthHTML></ColumnWidthHTML><column_title></column_title><tooltip></tooltip><group_header_label>0</group_header_label><group_header_label_xpos></group_header_label_xpos><group_header_data_xpos></group_header_data_xpos><group_trailer_label>0</group_trailer_label></Format></QueryColumn><QueryColumn><Name>loan_count</Name><TableName></TableName><ColumnName></ColumnName><ColumnType></ColumnType><ColumnLength></ColumnLength><Format><column_display>hide</column_display><content_type>plain</content_type><ColumnStartPDF></ColumnStartPDF><justify>left</justify><ColumnWidthPDF></ColumnWidthPDF><ColumnWidthHTML></ColumnWidthHTML><column_title></column_title><tooltip></tooltip><group_header_label>0</group_header_label><group_header_label_xpos></group_header_label_xpos><group_header_data_xpos></group_header_data_xpos><group_trailer_label>0</group_trailer_label></Format></QueryColumn></QueryColumns><OrderColumns></OrderColumns><PreSQLS></PreSQLS></Query><Assignments><Assignment><AssignName>full_name</AssignName><AssignNameNew></AssignNameNew><Expression>{first_name}.&quot; &quot;.{last_name}</Expression><Condition></Condition></Assignment><Assignment><AssignName>loan_count</AssignName><AssignNameNew></AssignNameNew><Expression>lineno({member_id})</Expression><Condition></Condition></Assignment><Assignment><AssignName>returned</AssignName><AssignNameNew></AssignNameNew><Expression>&quot;**UNRETURNED**&quot;</Expression><Condition>!{returned}</Condition></Assignment><Assignment><AssignName>returned</AssignName><AssignNameNew></AssignNameNew><Expression>apply_style('CELL', 'color', '#ff0000');</Expression><Condition>{returned} == &quot;**UNRETURNED**&quot;</Condition></Assignment><Assignment><AssignName>member_id</AssignName><AssignNameNew></AssignNameNew><Expression>apply_style('ROW', 'background-color', '#f3f3ff');</Expression><Condition></Condition></Assignment><Assignment><AssignName>member_id</AssignName><AssignNameNew></AssignNameNew><Expression>apply_style('ROW', 'background-color', '#ddddff');</Expression><Condition>lineno() % 2 == 1</Condition></Assignment></Assignments><Criteria><CriteriaItem><Name>loanDate</Name><Title>Date Range</Title><QueryTableName></QueryTableName><QueryColumnName></QueryColumnName><CriteriaType>DATERANGE</CriteriaType><CriteriaDisplay>NOINPUT</CriteriaDisplay><ExpandDisplay>NOINPUT</ExpandDisplay><ReturnColumn></ReturnColumn><DisplayColumn></DisplayColumn><OverviewColumn></OverviewColumn><MatchColumn></MatchColumn><CriteriaDefaults>FIRSTOFLASTMONTH-TODAY</CriteriaDefaults><CriteriaList></CriteriaList><Query><TableSql></TableSql><WhereSql></WhereSql><GroupSql></GroupSql><RowSelection></RowSelection><SQLRaw></SQLRaw><SQL><QuerySql></QuerySql></SQL><QueryColumns></QueryColumns><OrderColumns></OrderColumns><Assignments></Assignments></Query><CriteriaLinks></CriteriaLinks></CriteriaItem><CriteriaItem><Name>member</Name><Title>Member</Title><QueryTableName></QueryTableName><QueryColumnName>member.member_id</QueryColumnName><CriteriaType>LOOKUP</CriteriaType><CriteriaDisplay>TEXTFIELD</CriteriaDisplay><ExpandDisplay>MULTI</ExpandDisplay><ReturnColumn>member_id</ReturnColumn><DisplayColumn>full_name</DisplayColumn><OverviewColumn>member_id</OverviewColumn><MatchColumn>last_name</MatchColumn><CriteriaDefaults></CriteriaDefaults><CriteriaList></CriteriaList><Query><TableSql>reptut_member</TableSql><WhereSql></WhereSql><GroupSql></GroupSql><RowSelection></RowSelection><SQLRaw></SQLRaw><SQL><QuerySql></QuerySql></SQL><QueryColumns><QueryColumn><Name>member_id</Name><TableName></TableName><ColumnName>member_id</ColumnName><ColumnType>char</ColumnType><ColumnLength>30</ColumnLength><Format><column_display>show</column_display><content_type>plain</content_type><justify>left</justify></Format></QueryColumn><QueryColumn><Name>first_name</Name><TableName></TableName><ColumnName>first_name</ColumnName><ColumnType>char</ColumnType><ColumnLength>30</ColumnLength><Format><column_display>show</column_display><content_type>plain</content_type><justify>left</justify></Format></QueryColumn><QueryColumn><Name>last_name</Name><TableName></TableName><ColumnName>last_name</ColumnName><ColumnType>char</ColumnType><ColumnLength>30</ColumnLength><Format><column_display>show</column_display><content_type>plain</content_type><justify>left</justify></Format></QueryColumn><QueryColumn><Name>full_name</Name><TableName></TableName><ColumnName></ColumnName><ColumnType></ColumnType><ColumnLength></ColumnLength><Format><column_display>show</column_display><content_type>plain</content_type><justify>left</justify></Format></QueryColumn></QueryColumns><OrderColumns><OrderColumn><Name>last_name</Name><OrderType>ASC</OrderType></OrderColumn></OrderColumns><Assignments><Assignment><AssignName>full_name</AssignName><AssignNameNew></AssignNameNew><Expression>{first_name}.&quot; &quot;.{last_name}</Expression><Condition></Condition></Assignment></Assignments></Query><CriteriaLinks></CriteriaLinks></CriteriaItem><CriteriaItem><Name>film</Name><Title>Film</Title><QueryTableName></QueryTableName><QueryColumnName>film.film_id</QueryColumnName><CriteriaType>LOOKUP</CriteriaType><CriteriaDisplay>TEXTFIELD</CriteriaDisplay><ExpandDisplay>MULTI</ExpandDisplay><ReturnColumn>film_id</ReturnColumn><DisplayColumn>full_title</DisplayColumn><OverviewColumn>film_id</OverviewColumn><MatchColumn>title</MatchColumn><CriteriaDefaults></CriteriaDefaults><CriteriaList></CriteriaList><Query><TableSql>reptut_film</TableSql><WhereSql></WhereSql><GroupSql></GroupSql><RowSelection></RowSelection><SQLRaw></SQLRaw><SQL><QuerySql></QuerySql></SQL><QueryColumns><QueryColumn><Name>film_id</Name><TableName></TableName><ColumnName>film_id</ColumnName><ColumnType>char</ColumnType><ColumnLength>30</ColumnLength><Format><column_display>show</column_display><content_type>plain</content_type><justify>left</justify></Format></QueryColumn><QueryColumn><Name>title</Name><TableName></TableName><ColumnName>title</ColumnName><ColumnType>char</ColumnType><ColumnLength>30</ColumnLength><Format><column_display>show</column_display><content_type>plain</content_type><justify>left</justify></Format></QueryColumn><QueryColumn><Name>full_title</Name><TableName></TableName><ColumnName></ColumnName><ColumnType></ColumnType><ColumnLength></ColumnLength><Format><column_display>show</column_display><content_type>plain</content_type><justify>left</justify></Format></QueryColumn></QueryColumns><OrderColumns><OrderColumn><Name>title</Name><OrderType>ASC</OrderType></OrderColumn></OrderColumns><Assignments><Assignment><AssignName>full_title</AssignName><AssignNameNew></AssignNameNew><Expression>str_pad({film_id}, 4, '0', STR_PAD_LEFT).&quot;. &amp;nbsp;&quot;.{title}</Expression><Condition></Condition></Assignment></Assignments></Query><CriteriaLinks></CriteriaLinks></CriteriaItem><CriteriaItem><Name>returned</Name><Title>Display</Title><QueryTableName></QueryTableName><QueryColumnName></QueryColumnName><CriteriaType>LIST</CriteriaType><CriteriaDisplay>RADIO</CriteriaDisplay><ExpandDisplay>NOINPUT</ExpandDisplay><ReturnColumn></ReturnColumn><DisplayColumn></DisplayColumn><OverviewColumn></OverviewColumn><MatchColumn></MatchColumn><CriteriaDefaults>1</CriteriaDefaults><CriteriaList>All=1,Loaned Out=2</CriteriaList><Query><TableSql></TableSql><WhereSql></WhereSql><GroupSql></GroupSql><RowSelection></RowSelection><SQLRaw></SQLRaw><SQL><QuerySql></QuerySql></SQL><QueryColumns></QueryColumns><OrderColumns></OrderColumns><Assignments></Assignments></Query><CriteriaLinks></CriteriaLinks></CriteriaItem></Criteria><Output><PageHeaders><PageHeader><LineNumber>1</LineNumber><HeaderText>Tutorial 2- Loan History Report</HeaderText><Format><ColumnStartPDF>5%</ColumnStartPDF><justify>center</justify><ColumnWidthPDF>90%</ColumnWidthPDF><ShowInPDF>yes</ShowInPDF><ShowInHTML>no</ShowInHTML></Format></PageHeader><PageHeader><LineNumber>2</LineNumber><HeaderText>Report Range : {loanDate,RANGE1} - {loanDate,RANGE2}</HeaderText><Format><ColumnStartPDF>5%</ColumnStartPDF><justify>left</justify><ColumnWidthPDF>90%</ColumnWidthPDF><ShowInPDF>yes</ShowInPDF><ShowInHTML>no</ShowInHTML></Format></PageHeader><PageHeader><LineNumber>1</LineNumber><HeaderText>date(Y-m-d H:i:s)</HeaderText><Format><ColumnStartPDF>5%</ColumnStartPDF><justify>right</justify><ColumnWidthPDF>90%</ColumnWidthPDF><ShowInPDF>yes</ShowInPDF><ShowInHTML>no</ShowInHTML></Format></PageHeader></PageHeaders><PageFooters><PageFooter><LineNumber>1</LineNumber><FooterText>Page: {page}</FooterText><Format><ColumnStartPDF>5%</ColumnStartPDF><justify>center</justify><ColumnWidthPDF>90%</ColumnWidthPDF><ShowInPDF>yes</ShowInPDF><ShowInHTML>no</ShowInHTML></Format></PageFooter></PageFooters><DisplayOrders><DisplayOrder><ColumnName>member_id</ColumnName><OrderNumber>1</OrderNumber></DisplayOrder><DisplayOrder><ColumnName>first_name</ColumnName><OrderNumber>2</OrderNumber></DisplayOrder><DisplayOrder><ColumnName>last_name</ColumnName><OrderNumber>3</OrderNumber></DisplayOrder><DisplayOrder><ColumnName>film_id</ColumnName><OrderNumber>4</OrderNumber></DisplayOrder><DisplayOrder><ColumnName>title</ColumnName><OrderNumber>5</OrderNumber></DisplayOrder><DisplayOrder><ColumnName>loan_date</ColumnName><OrderNumber>6</OrderNumber></DisplayOrder><DisplayOrder><ColumnName>return_date</ColumnName><OrderNumber>7</OrderNumber></DisplayOrder><DisplayOrder><ColumnName>loaned</ColumnName><OrderNumber>8</OrderNumber></DisplayOrder><DisplayOrder><ColumnName>returned</ColumnName><OrderNumber>9</OrderNumber></DisplayOrder><DisplayOrder><ColumnName>full_name</ColumnName><OrderNumber>10</OrderNumber></DisplayOrder><DisplayOrder><ColumnName>loan_count</ColumnName><OrderNumber>11</OrderNumber></DisplayOrder><DisplayOrder><ColumnName>join_date</ColumnName><OrderNumber>12</OrderNumber></DisplayOrder></DisplayOrders><Groups><Group><GroupName>member_id</GroupName><BeforeGroupHeader>blankline</BeforeGroupHeader><AfterGroupHeader>blankline</AfterGroupHeader><BeforeGroupTrailer>blankline</BeforeGroupTrailer><AfterGroupTrailer>blankline</AfterGroupTrailer><GroupHeaders><GroupHeader><GroupHeaderColumn>member_id</GroupHeaderColumn><GroupHeaderCustom></GroupHeaderCustom></GroupHeader><GroupHeader><GroupHeaderColumn>full_name</GroupHeaderColumn><GroupHeaderCustom></GroupHeaderCustom></GroupHeader></GroupHeaders><GroupTrailers><GroupTrailer><GroupTrailerDisplayColumn>loaned</GroupTrailerDisplayColumn><GroupTrailerValueColumn>loan_count</GroupTrailerValueColumn><GroupTrailerCustom></GroupTrailerCustom></GroupTrailer></GroupTrailers></Group></Groups><Graphs></Graphs></Output></EntryForm></ReportQuery></Report>