<?xml version="1.0"?><Report><ReportQuery><Format><ReportTitle>Monthly Sales</ReportTitle><ReportDescription>Sales figures by month</ReportDescription><PageSize>.DEFAULT</PageSize><PageOrientation>.DEFAULT</PageOrientation><TopMargin></TopMargin><BottomMargin></BottomMargin><RightMargin></RightMargin><LeftMargin></LeftMargin><pdfFont>LiberationSans-Regular</pdfFont><pdfFontSize></pdfFontSize><PreExecuteCode>NONE</PreExecuteCode><bodyDisplay>show</bodyDisplay><graphDisplay>show</graphDisplay></Format><Datasource><SourceType>database</SourceType><SourceConnection><DatabaseType></DatabaseType><DatabaseName></DatabaseName><HostName>localhost</HostName><ServiceName></ServiceName><UserName></UserName><Password></Password></SourceConnection></Datasource><EntryForm><Query><TableSql></TableSql><WhereSql></WhereSql><GroupSql></GroupSql><RowSelection>all</RowSelection><SQL><QuerySql></QuerySql><SQLRaw>SELECT 
customers.country,
DATE_FORMAT(orderdate, &quot;%Y %M&quot;) month,
sum((order_details.unitprice - discount) * order_details.quantity)  total_discounted_sales, 
sum((order_details.unitprice) * order_details.quantity)  total_sales
FROM  
customers
join orders on customers.customerid = orders.customerid
join order_details on orders.orderid = order_details.orderid
join products on order_details.productid = products.productid
WHERE 1 = 1  
[ AND customers.customerid in ( {customer} ) ]
[ AND customers.country in ( {country} ) ]
[ AND  DATE(orderdate)  {daterange} ]
GROUP BY country, month
order by country, month</SQLRaw></SQL><QueryColumns><QueryColumn><Name>month</Name><TableName></TableName><ColumnName>DATE_FORMAT(orderdate, &quot;%Y %M&quot;)</ColumnName><ColumnType>char</ColumnType><ColumnLength>30</ColumnLength><Format><column_display>show</column_display><content_type>plain</content_type><ColumnStartPDF></ColumnStartPDF><justify>left</justify><ColumnWidthPDF></ColumnWidthPDF><ColumnWidthHTML></ColumnWidthHTML><column_title></column_title><tooltip></tooltip><group_header_label></group_header_label><group_header_label_xpos></group_header_label_xpos><group_header_data_xpos></group_header_data_xpos><group_trailer_label></group_trailer_label></Format></QueryColumn><QueryColumn><Name>total_discounted_sales</Name><TableName></TableName><ColumnName>sum((order_details.unitprice - discount) * order_details.quantity) </ColumnName><ColumnType>char</ColumnType><ColumnLength>30</ColumnLength><Format><column_display>show</column_display><content_type>plain</content_type><ColumnStartPDF></ColumnStartPDF><justify>left</justify><ColumnWidthPDF></ColumnWidthPDF><ColumnWidthHTML></ColumnWidthHTML><column_title></column_title><tooltip></tooltip><group_header_label></group_header_label><group_header_label_xpos></group_header_label_xpos><group_header_data_xpos></group_header_data_xpos><group_trailer_label></group_trailer_label></Format></QueryColumn><QueryColumn><Name>country</Name><TableName>customers</TableName><ColumnName>country</ColumnName><ColumnType>char</ColumnType><ColumnLength>30</ColumnLength><Format><column_display>hide</column_display><content_type>plain</content_type><ColumnStartPDF></ColumnStartPDF><justify>left</justify><ColumnWidthPDF></ColumnWidthPDF><ColumnWidthHTML></ColumnWidthHTML><column_title></column_title><tooltip></tooltip><group_header_label></group_header_label><group_header_label_xpos></group_header_label_xpos><group_header_data_xpos></group_header_data_xpos><group_trailer_label></group_trailer_label></Format></QueryColumn><QueryColumn><Name>total_sales</Name><TableName></TableName><ColumnName>sum((order_details.unitprice) * order_details.quantity) </ColumnName><ColumnType>char</ColumnType><ColumnLength>30</ColumnLength><Format><column_display>show</column_display><content_type>plain</content_type><ColumnStartPDF></ColumnStartPDF><justify>left</justify><ColumnWidthPDF></ColumnWidthPDF><ColumnWidthHTML></ColumnWidthHTML><column_title></column_title><tooltip></tooltip><group_header_label></group_header_label><group_header_label_xpos></group_header_label_xpos><group_header_data_xpos></group_header_data_xpos><group_trailer_label></group_trailer_label></Format></QueryColumn><QueryColumn><Name>discount</Name><TableName></TableName><ColumnName></ColumnName><ColumnType></ColumnType><ColumnLength></ColumnLength><Format><column_display>show</column_display><content_type>plain</content_type><ColumnStartPDF></ColumnStartPDF><justify>left</justify><ColumnWidthPDF></ColumnWidthPDF><ColumnWidthHTML></ColumnWidthHTML><column_title></column_title><tooltip></tooltip><group_header_label></group_header_label><group_header_label_xpos></group_header_label_xpos><group_header_data_xpos></group_header_data_xpos><group_trailer_label></group_trailer_label></Format></QueryColumn></QueryColumns><OrderColumns></OrderColumns><PreSQLS></PreSQLS></Query><Assignments><Assignment><AssignName>discount</AssignName><AssignNameNew></AssignNameNew><Expression>number_format({total_sales} - {total_discounted_sales}, 2,'.','')</Expression><Condition></Condition></Assignment><Assignment><AssignName>total_sales</AssignName><AssignNameNew></AssignNameNew><Expression>number_format({total_sales},2,'.','')</Expression><Condition></Condition></Assignment><Assignment><AssignName>total_discounted_sales</AssignName><AssignNameNew></AssignNameNew><Expression>number_format({total_discounted_sales},2,'.','')</Expression><Condition></Condition></Assignment></Assignments><Criteria><CriteriaItem><Name>country</Name><Title>Country</Title><QueryTableName></QueryTableName><QueryColumnName></QueryColumnName><CriteriaType>LOOKUP</CriteriaType><CriteriaDisplay>TEXTFIELD</CriteriaDisplay><ExpandDisplay>MULTI</ExpandDisplay><ReturnColumn>Country</ReturnColumn><DisplayColumn>Country</DisplayColumn><OverviewColumn>Country</OverviewColumn><MatchColumn>Country</MatchColumn><CriteriaDefaults></CriteriaDefaults><CriteriaList></CriteriaList><Query><TableSql></TableSql><WhereSql></WhereSql><GroupSql></GroupSql><RowSelection></RowSelection><SQLRaw>SELECT DISTINCT Country
FROM  suppliers
WHERE 1 = 1  </SQLRaw><SQL><QuerySql></QuerySql></SQL><QueryColumns><QueryColumn><Name>Country</Name><TableName></TableName><ColumnName>DISTINCT</ColumnName><ColumnType>char</ColumnType><ColumnLength>30</ColumnLength><Format><column_display>show</column_display><content_type>plain</content_type><justify>left</justify></Format></QueryColumn></QueryColumns><OrderColumns></OrderColumns><Assignments></Assignments></Query><CriteriaLinks></CriteriaLinks></CriteriaItem><CriteriaItem><Name>customer</Name><Title>Customer</Title><QueryTableName></QueryTableName><QueryColumnName></QueryColumnName><CriteriaType>LOOKUP</CriteriaType><CriteriaDisplay>NOINPUT</CriteriaDisplay><ExpandDisplay>MULTI</ExpandDisplay><ReturnColumn>customerid</ReturnColumn><DisplayColumn>companyname</DisplayColumn><OverviewColumn>companyname</OverviewColumn><MatchColumn>companyname</MatchColumn><CriteriaDefaults></CriteriaDefaults><CriteriaList></CriteriaList><Query><TableSql></TableSql><WhereSql></WhereSql><GroupSql></GroupSql><RowSelection></RowSelection><SQLRaw>SELECT customerid, companyname
FROM  customers
WHERE 1 = 1  
[ AND country in ( {country} ) ]</SQLRaw><SQL><QuerySql></QuerySql></SQL><QueryColumns><QueryColumn><Name>companyname</Name><TableName></TableName><ColumnName>companyname</ColumnName><ColumnType>char</ColumnType><ColumnLength>30</ColumnLength><Format><column_display>show</column_display><content_type>plain</content_type><justify>left</justify></Format></QueryColumn><QueryColumn><Name>customerid</Name><TableName></TableName><ColumnName>customerid</ColumnName><ColumnType>char</ColumnType><ColumnLength>30</ColumnLength><Format><column_display>show</column_display><content_type>plain</content_type><justify>left</justify></Format></QueryColumn></QueryColumns><OrderColumns></OrderColumns><Assignments></Assignments></Query><CriteriaLinks></CriteriaLinks></CriteriaItem><CriteriaItem><Name>daterange</Name><Title>Order Date</Title><QueryTableName></QueryTableName><QueryColumnName></QueryColumnName><CriteriaType>DATERANGE</CriteriaType><CriteriaDisplay>NOINPUT</CriteriaDisplay><ExpandDisplay>NOINPUT</ExpandDisplay><ReturnColumn></ReturnColumn><DisplayColumn></DisplayColumn><OverviewColumn></OverviewColumn><MatchColumn></MatchColumn><CriteriaDefaults>1996-01-01-1998-12-31</CriteriaDefaults><CriteriaList></CriteriaList><Query><TableSql></TableSql><WhereSql></WhereSql><GroupSql></GroupSql><RowSelection></RowSelection><SQLRaw></SQLRaw><SQL><QuerySql></QuerySql></SQL><QueryColumns></QueryColumns><OrderColumns></OrderColumns><Assignments></Assignments></Query><CriteriaLinks></CriteriaLinks></CriteriaItem></Criteria><Output><PageHeaders></PageHeaders><PageFooters></PageFooters><DisplayOrders><DisplayOrder><ColumnName>country</ColumnName><OrderNumber>1</OrderNumber></DisplayOrder><DisplayOrder><ColumnName>month</ColumnName><OrderNumber>2</OrderNumber></DisplayOrder><DisplayOrder><ColumnName>total_sales</ColumnName><OrderNumber>3</OrderNumber></DisplayOrder><DisplayOrder><ColumnName>total_discounted_sales</ColumnName><OrderNumber>4</OrderNumber></DisplayOrder><DisplayOrder><ColumnName>discount</ColumnName><OrderNumber>5</OrderNumber></DisplayOrder></DisplayOrders><Groups><Group><GroupName>country</GroupName><BeforeGroupHeader>blankline</BeforeGroupHeader><AfterGroupHeader>blankline</AfterGroupHeader><BeforeGroupTrailer>blankline</BeforeGroupTrailer><AfterGroupTrailer>blankline</AfterGroupTrailer><GroupHeaders><GroupHeader><GroupHeaderColumn>country</GroupHeaderColumn></GroupHeader></GroupHeaders><GroupTrailers></GroupTrailers></Group></Groups><Graphs><Graph><GraphColumn>country</GraphColumn><GraphColor>.DEFAULT</GraphColor><Title>Monthly Sales</Title><GraphWidth>.DEFAULT</GraphWidth><GraphHeight>.DEFAULT</GraphHeight><GraphWidthPDF>.DEFAULT</GraphWidthPDF><GraphHeightPDF>.DEFAULT</GraphHeightPDF><XTitle>Month</XTitle><YTitle>Sales</YTitle><GridPosition>.DEFAULT</GridPosition><XGridDisplay>.DEFAULT</XGridDisplay><XGridColor>.DEFAULT</XGridColor><YGridDisplay>.DEFAULT</YGridDisplay><YGridColor>.DEFAULT</YGridColor><XLabelColumn>month</XLabelColumn><TitleFont>.DEFAULT</TitleFont><TitleFontStyle>.DEFAULT</TitleFontStyle><TitleFontSize>.DEFAULT</TitleFontSize><TitleColor>.DEFAULT</TitleColor><XTitleFont>.DEFAULT</XTitleFont><XTitleFontStyle>.DEFAULT</XTitleFontStyle><XTitleFontSize>.DEFAULT</XTitleFontSize><XTitleColor>.DEFAULT</XTitleColor><YTitleFont>.DEFAULT</YTitleFont><YTitleFontStyle>.DEFAULT</YTitleFontStyle><YTitleFontSize>.DEFAULT</YTitleFontSize><YTitleColor>.DEFAULT</YTitleColor><XAxisColor>.DEFAULT</XAxisColor><XAxisFont>.DEFAULT</XAxisFont><XAxisFontStyle>.DEFAULT</XAxisFontStyle><XAxisFontSize>.DEFAULT</XAxisFontSize><XAxisFontColor>.DEFAULT</XAxisFontColor><YAxisColor>.DEFAULT</YAxisColor><YAxisFont>.DEFAULT</YAxisFont><YAxisFontStyle>.DEFAULT</YAxisFontStyle><YAxisFontSize>.DEFAULT</YAxisFontSize><YAxisFontColor>.DEFAULT</YAxisFontColor><XTickInterval>.DEFAULT</XTickInterval><YTickInterval>.DEFAULT</YTickInterval><XTickLabelInterval>.DEFAULT</XTickLabelInterval><YTickLabelInterval>.DEFAULT</YTickLabelInterval><MarginColor>.DEFAULT</MarginColor><MarginLeft>.DEFAULT</MarginLeft><MarginRight>.DEFAULT</MarginRight><MarginTop>.DEFAULT</MarginTop><MarginBottom>.DEFAULT</MarginBottom><Plots><Plot><PlotColumn>total_discounted_sales</PlotColumn><PlotType>STACKEDBAR</PlotType><LineColor></LineColor><DataType>number</DataType><Legend>Discounted Sales</Legend><FillColor></FillColor></Plot><Plot><PlotColumn>discount</PlotColumn><PlotType>STACKEDBAR</PlotType><LineColor></LineColor><DataType>number</DataType><Legend>Discount</Legend><FillColor></FillColor></Plot></Plots></Graph></Graphs></Output></EntryForm></ReportQuery></Report>
