<?xml version="1.0"?><Report><ReportQuery><Format><ReportTitle>Film List (Tutorial 1 Stage 2)</ReportTitle><ReportDescription>The Film List Report provides a list of the DVD titles available from our shop.
&lt;p&gt;
This is Tutorial demonstrates the following features :-
&lt;p&gt;
1. &lt;b&gt;Allowing user report criteria entry&lt;/b&gt;
&lt;br&gt;2. &lt;b&gt;Creating depencies between one criteria item and another&lt;/b&gt;

&lt;p&gt;Click &lt;a target=&quot;_blank&quot; href=&quot;doc/reportico/tutorial_reportico.tutorial1_2.pkg.html&quot;&gt;here &lt;/a&gt; for instructions on how to work through this tutorial</ReportDescription><PageSize>A4</PageSize><PageOrientation>Portrait</PageOrientation><TopMargin></TopMargin><BottomMargin></BottomMargin><RightMargin></RightMargin><LeftMargin></LeftMargin><pdfFont></pdfFont><pdfFontSize></pdfFontSize><PreExecuteCode>NONE</PreExecuteCode><bodyDisplay>show</bodyDisplay><graphDisplay>show</graphDisplay></Format><Datasource><SourceType>database</SourceType><SourceConnection><DatabaseType></DatabaseType><DatabaseName></DatabaseName><HostName>localhost</HostName><ServiceName></ServiceName><UserName></UserName><Password></Password></SourceConnection></Datasource><EntryForm><Query><TableSql>reptut_film film, reptut_country country, reptut_category category</TableSql><WhereSql> AND film.cat_code = category.cat_code
AND film.country_code = country.country_code</WhereSql><GroupSql></GroupSql><RowSelection>all</RowSelection><SQL><QuerySql></QuerySql><SQLLimitFirst></SQLLimitFirst><SQLSkipOffset></SQLSkipOffset></SQL><QueryColumns><QueryColumn><Name>title</Name><TableName></TableName><ColumnName>title</ColumnName><ColumnType>char</ColumnType><ColumnLength>30</ColumnLength><Format><column_display>show</column_display><content_type>plain</content_type><ColumnStartPDF></ColumnStartPDF><justify>left</justify><ColumnWidthPDF></ColumnWidthPDF><ColumnWidthHTML></ColumnWidthHTML><column_title>Title</column_title><tooltip></tooltip><group_header_label></group_header_label><group_header_label_xpos></group_header_label_xpos><group_header_data_xpos></group_header_data_xpos><group_trailer_label></group_trailer_label></Format></QueryColumn><QueryColumn><Name>film_id</Name><TableName>film</TableName><ColumnName>film_id</ColumnName><ColumnType>char</ColumnType><ColumnLength>30</ColumnLength><Format><column_display>show</column_display><content_type>plain</content_type><ColumnStartPDF></ColumnStartPDF><justify>left</justify><ColumnWidthPDF></ColumnWidthPDF><ColumnWidthHTML></ColumnWidthHTML><column_title>Film Id</column_title><tooltip></tooltip><group_header_label></group_header_label><group_header_label_xpos></group_header_label_xpos><group_header_data_xpos></group_header_data_xpos><group_trailer_label></group_trailer_label></Format></QueryColumn><QueryColumn><Name>cat_desc</Name><TableName></TableName><ColumnName>cat_desc</ColumnName><ColumnType>char</ColumnType><ColumnLength>30</ColumnLength><Format><column_display>show</column_display><content_type>plain</content_type><ColumnStartPDF></ColumnStartPDF><justify>left</justify><ColumnWidthPDF></ColumnWidthPDF><ColumnWidthHTML></ColumnWidthHTML><column_title>Category</column_title><tooltip></tooltip><group_header_label></group_header_label><group_header_label_xpos></group_header_label_xpos><group_header_data_xpos></group_header_data_xpos><group_trailer_label></group_trailer_label></Format></QueryColumn><QueryColumn><Name>country_name</Name><TableName>country</TableName><ColumnName>country_name</ColumnName><ColumnType>char</ColumnType><ColumnLength>30</ColumnLength><Format><column_display>show</column_display><content_type>plain</content_type><ColumnStartPDF></ColumnStartPDF><justify>left</justify><ColumnWidthPDF></ColumnWidthPDF><ColumnWidthHTML></ColumnWidthHTML><column_title>Country</column_title><tooltip></tooltip><group_header_label></group_header_label><group_header_label_xpos></group_header_label_xpos><group_header_data_xpos></group_header_data_xpos><group_trailer_label></group_trailer_label></Format></QueryColumn></QueryColumns><OrderColumns><OrderColumn><Name>country_name</Name><OrderType>ASC</OrderType></OrderColumn><OrderColumn><Name>title</Name><OrderType>ASC</OrderType></OrderColumn></OrderColumns><PreSQLS></PreSQLS></Query><Assignments></Assignments><Criteria></Criteria><Output><PageHeaders><PageHeader><LineNumber>1</LineNumber><HeaderText>{title}</HeaderText><Format><ColumnStartPDF>5%</ColumnStartPDF><justify>center</justify><ColumnWidthPDF>90%</ColumnWidthPDF></Format></PageHeader></PageHeaders><PageFooters><PageFooter><LineNumber>1</LineNumber><FooterText>Page: {page}</FooterText><Format><ColumnStartPDF>5%</ColumnStartPDF><justify>center</justify><ColumnWidthPDF>90%</ColumnWidthPDF></Format></PageFooter></PageFooters><DisplayOrders><DisplayOrder><ColumnName>film_id</ColumnName><OrderNumber>1</OrderNumber></DisplayOrder><DisplayOrder><ColumnName>title</ColumnName><OrderNumber>2</OrderNumber></DisplayOrder><DisplayOrder><ColumnName>cat_desc</ColumnName><OrderNumber>3</OrderNumber></DisplayOrder><DisplayOrder><ColumnName>country_name</ColumnName><OrderNumber>4</OrderNumber></DisplayOrder></DisplayOrders><Groups></Groups><Graphs></Graphs></Output></EntryForm></ReportQuery></Report>