<?xml version="1.0"?><Report><ReportQuery><Format><ReportTitle>Tutorial1 Stage1 - Set Report Title</ReportTitle><ReportDescription>The Film List Report provides a list of the DVD titles available from our shop.
&lt;p&gt;
This tutorial demonstrates the following features :-
&lt;p&gt;
1. &lt;b&gt;Entry of a simple query&lt;/b&gt;
&lt;br&gt;2. &lt;b&gt;Setting of report title and description&lt;/b&gt;
&lt;br&gt;3. &lt;b&gt;Setting of report column labels and other format options&lt;/b&gt;
&lt;p&gt;
Click &lt;a target=&quot;_blank&quot; href=&quot;doc/reportico/tutorial_reportico.tutorial1_1.pkg.html&quot;&gt;here &lt;/a&gt; for instructions on how to work through this tutorial
</ReportDescription><PageSize>A4</PageSize><PageOrientation>Portrait</PageOrientation><TopMargin></TopMargin><BottomMargin></BottomMargin><RightMargin></RightMargin><LeftMargin></LeftMargin><pdfFont></pdfFont><pdfFontSize></pdfFontSize><PreExecuteCode>NONE</PreExecuteCode><bodyDisplay>show</bodyDisplay><graphDisplay>show</graphDisplay></Format><Datasource><SourceType>database</SourceType><SourceConnection><DatabaseType></DatabaseType><DatabaseName></DatabaseName><HostName>localhost</HostName><ServiceName></ServiceName><UserName></UserName><Password></Password></SourceConnection></Datasource><EntryForm><Query><TableSql></TableSql><WhereSql></WhereSql><GroupSql></GroupSql><RowSelection>all</RowSelection><SQL><QuerySql></QuerySql></SQL><QueryColumns></QueryColumns><OrderColumns></OrderColumns><PreSQLS></PreSQLS></Query><Assignments></Assignments><Criteria></Criteria><Output><PageHeaders></PageHeaders><PageFooters></PageFooters><DisplayOrders></DisplayOrders><Groups></Groups><Graphs></Graphs></Output></EntryForm></ReportQuery></Report>